spelling; nchar; SUBTLEXWF; dominant_pos
toen; 4; 1086.55; VG
de; 2; 24266.89; LID
dé; 2; 5.10; LID
dè; 2; 0.37; WW
barkeeper; 9; 4.21; N
die; 3; 7204.33; VNW
díe; 3; 0.27; N
irritante; 9; 1.92; ADJ
klant; 5; 35.33; N
bediende; 8; 11.14; N
wegliep; 7; 3.00; WW
gingen; 6; 103.29; WW
deuren; 6; 32.63; N
open; 4; 337.64; ADJ
manke; 5; 1.33; ADJ
dronkaard; 9; 2.79; N
betaalde; 8; 17.54; WW
lachte; 6; 12.39; WW
viel; 4; 85.87; WW
kruk; 4; 2.56; N
om; 2; 4415.31; VZ
rector; 6; 5.83; N
stoere; 6; 12.58; ADJ
puber; 5; 1.72; N
strafte; 7; 0.94; WW
was; 3; 5303.09; WW
wás; 3; 0.57; N
wàs; 3; 0.09; N
erg; 3; 749.20; ADJ
érg; 3; 0.18; ADJ
onredelijk; 10; 3.66; ADJ
inbreker; 8; 4.53; N
gekrenkte; 9; 0.21; ADJ
pastoor; 7; 11.87; N
smeekte; 7; 7.36; WW
ten; 3; 36.86; VZ
einde; 5; 112.94; N
raad; 4; 83.01; N
vorige; 6; 86.69; ADJ
week; 4; 235.61; N
kreeg; 5; 169.93; WW
assistent; 9; 20.65; N
bruine; 6; 12.55; ADJ
bruïne; 6; 0.09; ADJ
tanden; 6; 42.58; N
behandelde; 10; 5.81; WW
uitslag; 7; 11.98; N
maandag; 7; 30.99; SPEC
medicus; 7; 0.59; N
vreemde; 7; 62.11; ADJ
pokken; 6; 1.65; N
zelf; 4; 437.46; BW
laatst; 6; 60.49; BW
gevreesde; 9; 1.88; ADJ
psychiater; 10; 19.71; N
verslaafde; 10; 4.23; ADJ
zijn; 4; 7968.23; WW
zíjn; 4; 0.30; VNW
ontslag; 7; 30.19; N
overtreder; 10; 0.48; N
smeris; 6; 22.91; N
ontvlucht; 9; 1.37; WW
is; 2; 21668.89; WW
ís; 2; 0.78; N
ìs; 2; 0.09; ADJ
een; 3; 17972.18; LID
één; 3; 628.71; TW
eén; 3; 150.06; TW
èèn; 3; 7.82; N
eèn; 3; 1.94; SPEC
éen; 3; 0.14; N
eën; 3; 0.02; N
kronkelig; 9; 0.09; ADJ
paadje; 6; 0.16; N
eigenaars; 9; 3.36; N
van; 3; 10410.25; VZ
het; 3; 24431.97; VNW
hét; 3; 1.85; LID
hèt; 3; 0.16; ADJ
landgoed; 8; 7.87; N
honderden; 9; 22.75; N
bezoekers; 9; 9.97; N
rondleiden; 10; 2.93; WW
trots; 5; 111.46; ADJ
gisteren; 8; 131.79; BW
had; 3; 2106.20; WW
brede; 5; 3.13; ADJ
bodyguard; 9; 2.38; N
filmster; 8; 6.13; N
beschermde; 10; 6.38; WW
vrije; 5; 39.29; ADJ
dag; 3; 848.56; N
morgen; 6; 423.61; BW
krijgt; 6; 324.59; WW
ober; 4; 10.02; N
beroemde; 8; 18.55; ADJ
president; 9; 128.70; N
beledigde; 9; 2.13; WW
arts; 4; 32.79; N
vieze; 5; 22.04; ADJ
bandage; 7; 0.02; N
verschoonde; 11; 0.21; WW
trok; 4; 26.62; WW
eerst; 5; 359.16; BW
éérst; 5; 0.09; WW
plastic; 7; 15.05; ADJ
handschoenen; 12; 12.03; N
aan; 3; 3838.54; VZ
áán; 3; 0.14; VNW
hockeyer; 8; 0.14; N
met; 3; 6812.14; VZ
mét; 3; 1.01; VZ
mèt; 3; 0.11; WW
gescheurde; 10; 1.44; WW
pezen; 5; 0.59; N
adviseert; 9; 1.01; WW
heeft; 5; 3657.17; WW
hééft; 5; 0.11; WW
er; 2; 8170.49; VNW
veel; 4; 1155.79; VNW
verstand; 8; 38.19; N
oma; 3; 72.86; N
gebroken; 8; 66.04; WW
bekken; 6; 2.24; N
verpleegster; 12; 15.62; N
raadpleegde; 11; 0.02; WW
moest; 5; 464.93; WW
móest; 5; 0.09; WW
huilen; 6; 54.52; WW
alcoholist; 10; 5.37; N
bekende; 7; 18.59; ADJ
psycholoog; 10; 5.21; N
weer; 4; 1136.95; BW
wéér; 4; 0.78; ADJ
terugval; 8; 1.17; N
scholier; 8; 1.26; N
meester; 7; 64.90; N
treitert; 8; 0.37; WW
alweer; 6; 60.62; BW
punaises; 8; 0.07; N
op; 2; 8068.80; VZ
óp; 2; 0.11; BW
stoel; 5; 51.20; N
gelegd; 6; 18.39; WW
altijd; 6; 978.45; BW
te; 2; 7844.12; VZ
té; 2; 2.29; N
tè; 2; 0.21; WW
hoog; 4; 63.23; ADJ
springt; 7; 11.57; WW
tijdens; 7; 134.65; VZ
basketbal; 9; 8.80; N
enkel; 5; 113.68; BW
bezeerd; 7; 4.85; WW
politieman; 10; 13.17; N
agressieve; 10; 3.00; ADJ
kraker; 6; 0.48; N
arresteert; 10; 2.70; WW
gaat; 4; 2265.77; WW
gáát; 4; 0.09; WW
hardhandig; 10; 1.17; ADJ
werk; 4; 680.23; N
angstige; 8; 1.69; ADJ
dames; 5; 132.18; N
bekogelt; 8; 0.05; WW
ver; 3; 131.49; ADJ
journalist; 10; 16.30; N
interviewt; 10; 0.43; WW
wil; 3; 3975.61; WW
weten; 5; 977.26; WW
zuster; 6; 71.51; N
tuberculose; 11; 1.21; N
lijdende; 8; 0.39; WW
bejaarde; 8; 1.42; ADJ
wast; 4; 3.91; WW
zorgzaam; 8; 1.56; ADJ
goochelaar; 10; 3.86; N
vrijwilliger; 12; 5.72; N
uit; 3; 2777.35; VZ
enthousiaste; 12; 1.05; ADJ
publiek; 7; 41.87; N
instrueert; 10; 0.05; WW
onduidelijk; 11; 3.80; ADJ
geduldige; 9; 0.32; ADJ
dominee; 7; 22.23; N
baby; 4; 151.80; N
doopt; 5; 0.23; WW
begint; 6; 124.24; WW
spreken; 7; 281.37; WW
voorganger; 10; 3.04; N
snoezige; 8; 0.30; ADJ
kleintje; 8; 16.03; N
houdt; 5; 342.08; WW
haar; 4; 2975.87; VNW
háár; 4; 0.53; N
stevig; 6; 15.57; ADJ
vast; 4; 662.03; ADJ
dat; 3; 22077.22; VNW
dát; 3; 2.88; VNW
dàt; 3; 0.30; WW
meisje; 6; 382.74; N
boterham; 8; 6.08; N
zonder; 6; 516.15; VZ
zónder; 6; 0.07; N
pindakaas; 9; 5.33; N
verwend; 7; 5.95; WW
robert; 6; 28.01; SPEC
schone; 6; 18.73; ADJ
dochter; 7; 219.30; N
jan; 3; 7.66; SPEC
huwelijk; 8; 79.85; N
vroeg; 5; 298.91; WW
slikte; 6; 2.49; WW
detective; 9; 20.22; N
criminelen; 10; 13.97; N
opspoort; 8; 0.91; WW
vette; 5; 12.65; ADJ
beloning; 8; 21.43; N
staat; 5; 652.88; WW
speurhond; 9; 0.37; N
illegale; 8; 9.12; ADJ
drugs; 5; 83.15; N
koekje; 6; 8.12; N
gedetineerde; 12; 0.78; WW
trage; 5; 2.26; ADJ
bewaker; 7; 20.42; N
afschudt; 8; 0.07; WW
hulp; 4; 239.77; N
handlanger; 10; 3.70; N
vandaag; 7; 369.61; BW
laatste; 7; 398.82; ADJ
kandidaat; 9; 12.60; N
examinator; 10; 0.16; N
overtuigt; 9; 1.85; WW
imponerend; 10; 0.32; WW
spits; 5; 2.08; N
trainer; 7; 8.14; N
opstelde; 8; 0.21; WW
cruciale; 8; 1.62; ADJ
training; 8; 20.47; N
gemist; 6; 74.50; WW
niemand; 7; 713.00; VNW
wist; 4; 594.47; WW
gevaarlijke; 11; 21.68; ADJ
tornado; 7; 3.43; N
ontstond; 8; 3.18; WW
slachtoffers; 12; 36.47; N
zou; 3; 2506.92; WW
eisen; 5; 21.11; N
employee; 8; 0.11; N
ontsnapte; 9; 11.62; WW
dieven; 6; 12.76; N
beschrijft; 10; 3.43; WW
nauwkeurig; 10; 4.37; ADJ
wrede; 5; 7.16; ADJ
onderdaan; 9; 1.07; N
beveelt; 7; 3.77; WW
boos; 4; 105.79; ADJ
derde; 5; 76.49; TW
getal; 5; 6.91; N
oplettende; 10; 0.27; WW
toehoorder; 10; 0.05; N
signaleert; 10; 0.23; WW
zes; 3; 199.84; TW
mijn; 4; 4412.02; VNW
míjn; 4; 0.39; VNW
vriendin; 8; 173.61; N
mona; 4; 5.69; SPEC
gek; 3; 542.72; ADJ
gék; 3; 0.16; N
jongens; 7; 385.85; N
gemixte; 7; 0.23; WW
drankjes; 8; 12.14; N
kopen; 5; 130.64; WW
voor; 4; 6709.90; VZ
vóór; 4; 15.96; VZ
vòòr; 4; 0.27; N
vôôr; 4; 0.14; N
voór; 4; 0.07; VZ
aannemer; 8; 2.65; N
bewoner; 7; 2.17; N
goed; 4; 3488.11; ADJ
humeur; 6; 4.92; N
vrouwtje; 8; 13.72; N
verlaten; 8; 101.33; WW
poezen; 6; 0.27; N
opvangt; 7; 0.75; WW
ruzie; 5; 64.19; N
buren; 5; 30.14; N
onlangs; 7; 17.06; BW
gaf; 3; 191.52; WW
jongeman; 8; 28.81; N
populaire; 9; 4.32; ADJ
portier; 7; 7.52; N
inhuurde; 8; 1.39; WW
groot; 5; 237.51; ADJ
feest; 5; 98.26; N
elfje; 5; 0.59; N
sterke; 6; 33.52; ADJ
beren; 5; 9.38; N
betoverde; 9; 1.51; WW
vriendelijk; 11; 37.09; ADJ
schilder; 8; 10.50; N
knappe; 6; 30.07; ADJ
prinses; 7; 42.47; N
tekent; 6; 8.87; WW
zit; 3; 1059.88; WW
onder; 5; 463.24; VZ
verf; 4; 14.48; N
kokkin; 6; 2.13; N
pap; 3; 118.94; N
dakloze; 7; 3.57; ADJ
burgers; 7; 26.23; N
kookt; 5; 7.20; WW
geen; 4; 3956.92; VNW
géén; 4; 1.94; ADJ
zin; 3; 172.65; N
meer; 4; 2035.88; VNW
méér; 4; 1.69; VNW
nora; 4; 7.09; SPEC
warme; 5; 20.92; ADJ
dekens; 6; 6.72; N
arme; 4; 89.02; ADJ
mensen; 6; 1089.40; N
weeft; 5; 0.21; WW
gelukkig; 8; 204.92; ADJ
gewelddadige; 12; 6.61; ADJ
schutter; 8; 14.18; N
jullie; 6; 2325.71; VNW
directeur; 9; 36.20; N
doodde; 6; 21.61; WW
al; 2; 2344.26; BW
eerder; 6; 191.31; ADJ
éérder; 6; 0.02; N
veroordeeld; 11; 20.47; WW
geweest; 7; 520.02; WW
ruiter; 6; 2.86; N
geliefde; 8; 23.85; ADJ
paarden; 7; 46.03; N
streelde; 8; 0.87; WW
winnaar; 7; 23.60; N
geworden; 8; 147.13; WW
raadsman; 8; 5.99; N
delinquent; 10; 0.41; N
bijstond; 8; 0.25; WW
radio; 5; 58.70; N
opgesloten; 10; 28.22; WW
peuters; 7; 0.34; N
ouders; 6; 172.61; N
alarmeren; 9; 0.98; WW
in; 2; 8822.64; VZ
ín; 2; 0.07; WW
paniek; 6; 39.86; N
dochters; 8; 19.14; N
bevrijden; 9; 21.29; WW
opgelucht; 9; 5.26; ADJ
naar; 4; 4447.55; VZ
huis; 4; 818.90; N
joost; 5; 0.59; SPEC
grijpt; 6; 6.38; WW
kidnapper; 9; 1.10; N
bange; 5; 3.75; ADJ
directrice; 10; 2.31; N
ontglipt; 8; 1.05; WW
kraag; 5; 3.59; N
bazin; 5; 1.51; N
bang; 4; 477.21; ADJ
starre; 6; 0.18; ADJ
diplomaat; 9; 2.86; N
rent; 4; 11.16; WW
deur; 4; 247.48; N
opzichter; 9; 2.88; N
nuchtere; 8; 1.03; ADJ
boswachter; 10; 1.37; N
uitbuit; 7; 0.30; WW
onaardige; 9; 0.25; ADJ
man; 3; 1403.81; N
werknemer; 9; 6.29; N
strenge; 7; 3.34; ADJ
gehoorzaamt; 11; 2.47; WW
baan; 4; 158.45; N
kwijt; 5; 146.01; ADJ
raken; 5; 79.58; WW
fans; 4; 10.84; N
gespannen; 9; 17.81; ADJ
bowlers; 7; 0.02; N
aanmoedigen; 11; 2.40; WW
willen; 6; 754.27; WW
hun; 3; 756.88; VNW
hún; 3; 0.09; N
winnen; 6; 116.56; WW
ik; 2; 39883.03; VNW
ík; 2; 1.39; N
ìk; 2; 0.18; N
sprak; 5; 53.56; WW
nog; 3; 4025.62; BW
nóg; 3; 1.99; BW
nòg; 3; 0.14; WW
hans; 4; 7.55; SPEC
scheve; 6; 0.73; ADJ
torens; 6; 2.68; N
ontworpen; 9; 11.59; WW
zwerver; 7; 6.77; N
hulpverlener; 12; 0.37; N
hielp; 5; 30.37; WW
bereden; 7; 0.91; WW
politie; 7; 346.17; N
zag; 3; 461.29; WW
rende; 5; 18.23; WW
hij; 3; 8875.74; VNW
híj; 3; 0.37; N
hïj; 3; 0.09; N
weg; 3; 1481.66; BW
wég; 3; 0.27; N
zieke; 5; 16.53; ADJ
huisvestte; 10; 0.05; WW
kamer; 5; 275.24; N
binnenkwam; 10; 8.51; WW
schrok; 6; 10.66; WW
grootvader; 10; 19.94; N
slinkse; 7; 0.37; ADJ
deugniet; 8; 1.26; N
doorhad; 7; 2.22; WW
voelde; 6; 93.37; WW
zich; 4; 691.64; VNW
bedrogen; 8; 13.54; WW
goedkope; 8; 13.88; ADJ
beunhaas; 8; 0.07; N
achterste; 9; 9.79; ADJ
bordes; 6; 0.09; N
repareerde; 10; 0.73; WW
dwaze; 5; 3.73; ADJ
belager; 7; 0.71; N
vloerde; 7; 0.18; WW
niet; 4; 18323.98; BW
níet; 4; 0.32; N
niét; 4; 0.30; WW
houden; 6; 502.75; WW
bedrieger; 9; 8.32; N
simpele; 7; 17.52; ADJ
taxateur; 8; 0.34; N
misleidde; 9; 0.53; WW
schuldig; 8; 85.91; ADJ
tante; 5; 62.34; N
wedstrijd; 9; 72.51; N
won; 3; 16.97; WW
gladde; 6; 3.91; ADJ
pieren; 6; 0.27; N
gebruikt; 8; 128.22; WW
bordeel; 7; 6.04; N
vermaken; 8; 9.26; WW
hebben; 6; 3433.66; WW
koud; 4; 95.95; ADJ
ontwerper; 9; 2.90; N
koningin; 8; 59.50; N
kleding; 7; 22.50; N
verkoopt; 8; 26.02; WW
creatief; 8; 6.31; ADJ
nam; 3; 116.08; WW
paspop; 6; 0.16; N
gang; 4; 110.80; N
stond; 5; 167.71; WW
mee; 3; 1415.45; VZ
duurste; 7; 2.42; ADJ
trompet; 7; 2.68; N
uitkiest; 8; 0.57; WW
geld; 4; 793.61; N
genoeg; 6; 601.68; BW
kapper; 6; 11.75; N
drukke; 6; 7.98; ADJ
teamleider; 10; 1.83; N
ervaring; 8; 47.61; N
joke; 4; 0.34; SPEC
spaanse; 7; 10.45; ADJ
tamboerijn; 10; 0.43; N
speelt; 6; 86.97; WW
liefst; 6; 3.70; BW
vooraan; 7; 7.16; BW
behulpzame; 10; 0.48; ADJ
serveerster; 11; 9.86; N
eenvoudige; 10; 9.44; ADJ
boerin; 6; 0.64; N
hield; 5; 150.75; WW
netjes; 6; 30.05; ADJ
winkel; 6; 65.13; N
werden; 6; 104.48; WW
hippe; 5; 2.13; ADJ
brillen; 7; 0.89; N
verkocht; 8; 56.60; WW
behoorlijk; 10; 41.25; ADJ
stugge; 6; 0.18; ADJ
diafragma; 9; 0.34; N
buikholte; 9; 0.09; N
en; 2; 13987.49; VG
én; 2; 4.46; VG
èn; 2; 0.64; VG
borstholte; 10; 0.25; N
scheidt; 7; 6.24; WW
belangrijk; 10; 170.00; ADJ
neem; 4; 657.43; WW
boer; 4; 14.77; N
kleine; 6; 268.67; ADJ
biggetje; 8; 1.26; N
voert; 5; 12.46; WW
serieus; 7; 93.96; ADJ
kwade; 5; 14.50; ADJ
haatte; 6; 15.23; WW
richard; 7; 41.71; SPEC
oudere; 6; 16.97; ADJ
dieren; 6; 54.47; N
verzorgde; 9; 1.69; WW
ging; 4; 504.17; WW
hen; 3; 328.98; VNW
hén; 3; 0.11; N
verzamelen; 10; 16.33; WW
zielige; 7; 11.11; ADJ
bangerik; 8; 0.98; N
tandarts; 8; 14.50; N
inschakelde; 11; 0.07; WW
heftige; 7; 1.99; ADJ
pijn; 4; 266.16; N
afgelopen; 9; 96.43; WW
maand; 5; 93.64; N
gewonde; 7; 7.18; ADJ
paragnost; 9; 0.30; N
vele; 4; 44.68; VNW
complicaties; 12; 3.02; N
buurman; 7; 13.26; N
zus; 3; 131.03; N
psychose; 8; 1.39; N
beter; 5; 690.59; ADJ
keek; 4; 74.18; WW
broer; 5; 245.62; N
grote; 5; 485.37; ADJ
takken; 6; 3.66; N
vuur; 4; 100.57; N
gebruikte; 9; 32.75; WW
ervaren; 7; 12.87; WW
agent; 5; 186.58; N
daar; 4; 2507.05; VNW
dáár; 4; 0.85; N
liep; 4; 71.37; WW
toerist; 7; 3.91; N
gered; 5; 94.70; WW
makelaars; 9; 1.23; N
nieuwe; 6; 411.74; ADJ
kopers; 6; 2.95; N
gehaaid; 7; 0.64; ADJ
lekker; 6; 276.15; ADJ
biertje; 7; 34.90; N
gemaakt; 7; 277.73; WW
gerst; 5; 0.50; N
eigenaar; 8; 33.57; N
eerste; 6; 471.49; TW
éérste; 6; 0.11; TW
ontving; 7; 3.84; WW
knipoogde; 9; 0.66; WW
heerlijke; 9; 18.20; ADJ
jam; 3; 5.03; N
verse; 5; 11.27; ADJ
bramen; 6; 0.48; N
maakt; 5; 543.20; WW
verhuizen; 9; 28.15; WW
jonge; 5; 78.21; ADJ
dief; 4; 29.96; N
vluchtte; 8; 6.70; WW
paspoort; 8; 18.43; N
gestolen; 8; 96.94; WW
verkoper; 8; 9.51; N
moderne; 7; 14.86; ADJ
telefoon; 8; 156.92; N
aanprees; 8; 0.02; WW
verdiende; 9; 21.45; WW
orthopeed; 9; 0.09; N
blessure; 8; 1.28; N
behandelt; 9; 13.63; WW
weinig; 6; 110.45; VNW
benul; 5; 2.93; N
secretaresse; 12; 13.77; N
geeft; 5; 330.92; WW
advocaat; 8; 102.88; N
mannelijke; 10; 8.90; ADJ
beambte; 7; 0.69; N
brief; 5; 73.84; N
wijze; 5; 25.18; N
oude; 4; 273.34; ADJ
ieders; 6; 5.47; VNW
dromen; 6; 77.84; N
uitlegt; 7; 1.78; WW
komt; 4; 1331.92; WW
aardige; 7; 36.47; ADJ
docent; 6; 3.41; N
onderwijst; 10; 0.48; WW
groene; 6; 28.88; ADJ
zijden; 6; 5.79; ADJ
pyjama; 6; 5.88; N
kast; 4; 30.05; N
ligt; 4; 277.27; WW
mag; 3; 1058.17; WW
je; 2; 36608.94; VNW
jé; 2; 0.23; N
lenen; 5; 35.33; WW
nichtje; 7; 11.02; N
jaloers; 7; 42.90; ADJ
dit; 3; 4722.59; VNW
dít; 3; 0.16; WW
mooie; 5; 256.28; ADJ
potlood; 7; 5.44; N
ook; 3; 2762.10; BW
óók; 3; 0.59; BW
alleen; 6; 1469.24; BW
alléén; 6; 0.27; N
wilde; 5; 721.67; WW
honden; 6; 51.34; N
mogen; 5; 200.83; WW
pitbulls; 8; 0.32; N
echte; 5; 227.22; ADJ
échte; 5; 1.14; ADJ
taaie; 5; 3.91; ADJ
doorzet; 7; 0.78; WW
plekje; 6; 16.26; N
rij; 3; 84.84; N
hondje; 6; 10.79; N
dikke; 5; 43.91; ADJ
duiven; 6; 5.58; N
opjaagt; 7; 0.37; WW
wild; 4; 25.41; ADJ
door; 4; 1455.70; VZ
dóór; 4; 0.21; BW
heel; 4; 1038.77; ADJ
scherpe; 7; 6.63; ADJ
bochten; 7; 1.83; N
griekenland; 11; 6.91; SPEC
voorkomen; 9; 35.45; WW
gebeuren; 8; 198.20; WW
ongelukken; 10; 6.65; N
vrouw; 5; 821.67; N
prachtige; 9; 60.30; ADJ
tekeningen; 10; 8.07; N
vanaf; 5; 143.79; VZ
dinsdag; 7; 22.02; SPEC
kunstacademie; 13; 1.35; N
sonja; 5; 2.68; SPEC
verbaasd; 8; 17.63; WW
moeder; 6; 652.49; N
overige; 7; 1.90; ADJ
biscuitjes; 10; 0.46; N
prullenbak; 10; 1.39; N
gooide; 6; 20.74; WW
politieagent; 12; 12.99; N
peetoom; 7; 0.43; N
snelste; 7; 7.68; ADJ
naakte; 6; 8.10; ADJ
gearresteerd; 12; 40.89; WW
reporter; 8; 3.43; N
vermoeide; 9; 1.60; WW
ballerina; 9; 2.01; N
extra; 5; 60.58; ADJ
vraagt; 6; 103.20; WW
kansloos; 8; 2.88; ADJ
beroemdheid; 11; 4.25; N
wegstuurt; 9; 0.55; WW
wachtende; 9; 0.55; WW
woord; 5; 129.09; N
staan; 5; 421.75; WW
clown; 5; 11.66; N
zonnige; 7; 3.91; ADJ
terras; 6; 3.20; N
wraak; 5; 44.02; N
auto; 4; 458.00; N
passende; 8; 1.78; WW
besteld; 7; 17.81; WW
mechanicus; 10; 0.18; N
rood; 4; 48.59; ADJ
verzorgt; 8; 3.22; WW
last; 4; 53.49; N
ontstoken; 9; 2.17; WW
pukkels; 7; 0.39; N
juf; 3; 4.71; N
berispte; 8; 0.16; WW
jongetje; 8; 18.71; N
gammele; 7; 0.41; ADJ
drukknop; 8; 0.07; N
indrukte; 8; 0.02; WW
overvaller; 10; 2.22; N
stal; 4; 22.07; N
alle; 4; 538.61; VNW
allé; 4; 0.09; SPEC
álle; 4; 0.05; VNW
kostbaarheden; 13; 0.75; N
verbaasde; 9; 1.92; WW
belegde; 7; 0.25; WW
bolletje; 8; 0.75; N
aanrecht; 8; 1.65; N
vers; 4; 17.86; ADJ
margriet; 8; 0.11; N
periode; 7; 13.90; N
dan; 3; 4297.95; BW
dán; 3; 0.09; WW
zat; 3; 339.98; WW
vakantie; 8; 55.71; N
zij; 3; 755.51; VNW
zíj; 3; 0.14; N
schreeuw; 8; 15.30; SPEC
barbaar; 7; 2.04; N
uitbracht; 9; 0.16; WW
collega; 7; 23.42; N
ingedeeld; 9; 1.28; WW
vroege; 6; 7.82; ADJ
dienst; 6; 92.73; N
protest; 7; 10.29; N
hap; 3; 9.17; N
groente; 7; 4.69; N
zeldzame; 8; 6.22; ADJ
plantje; 7; 0.78; N
venster; 7; 3.45; N
water; 5; 244.50; N
nodig; 5; 1038.02; ADJ
luxueuze; 8; 0.82; ADJ
banket; 6; 2.95; N
net; 3; 1005.36; BW
nèt; 3; 0.30; WW
nét; 3; 0.21; WW
gebracht; 8; 79.74; WW
tor; 3; 0.87; SPEC
oom; 3; 108.78; N
henk; 4; 0.78; SPEC
onzekere; 8; 1.85; ADJ
blondine; 8; 2.29; N
uitnodigde; 10; 1.07; WW
lachen; 6; 88.89; WW
verdachte; 9; 44.11; N
pakketje; 8; 5.15; N
opende; 6; 7.96; WW
ondanks; 7; 31.76; VZ
zware; 5; 50.86; ADJ
tegenslag; 9; 3.84; N
iedereen; 8; 698.71; VNW
ervaart; 7; 1.33; WW
gaan; 4; 2650.41; WW
gáán; 4; 0.07; WW
meeste; 6; 65.45; VNW
gewoon; 6; 1007.99; ADJ
onstuimige; 10; 0.48; ADJ
tieners; 7; 7.20; N
valt; 4; 152.99; WW
doorgaans; 9; 1.74; BW
doen; 4; 2677.85; WW
mannen; 6; 380.29; N
strakke; 7; 4.57; ADJ
bandana; 7; 0.18; N
hoofd; 5; 274.05; N
stoer; 5; 11.25; ADJ
gevatte; 7; 0.55; WW
brunette; 8; 2.61; N
zangeres; 8; 5.85; N
beoordeelt; 10; 1.17; WW
partijdig; 9; 0.34; ADJ
toch; 4; 1693.53; BW
tóch; 4; 0.48; BW
bloemist; 8; 1.83; N
geschikte; 9; 6.70; ADJ
sollicitant; 11; 0.27; N
uitnodigt; 9; 1.12; WW
tamme; 5; 0.55; ADJ
poema; 5; 1.10; N
loopt; 5; 137.07; WW
gevaarlijk; 10; 92.27; ADJ
vera; 4; 6.86; SPEC
aaien; 5; 2.10; WW
liet; 4; 169.25; WW
puppy; 5; 5.60; N
schrikken; 9; 28.70; WW
pagina; 6; 12.69; N
verkeerde; 9; 91.81; ADJ
over; 4; 2702.21; VZ
eendenjacht; 11; 0.30; N
blinde; 6; 12.01; ADJ
typiste; 7; 0.66; N
handicap; 8; 3.38; N
werkte; 6; 81.75; WW
antwoord; 8; 140.11; N
resultaten; 10; 15.30; N
logen; 5; 1.05; N
lieten; 6; 24.81; WW
tendens; 7; 0.30; N
zien; 4; 1538.80; WW
kleuter; 7; 1.65; N
flinke; 6; 17.45; ADJ
pruillip; 8; 0.11; N
doelwit; 7; 25.57; N
tijger; 6; 11.69; N
gekozen; 7; 39.40; WW
bos; 3; 46.51; N
choreograaf; 11; 0.85; N
danser; 6; 5.03; N
uitschold; 9; 0.34; WW
reden; 5; 163.67; N
hoorde; 6; 182.05; WW
arresteerde; 11; 2.33; WW
werd; 4; 518.07; WW
wérd; 4; 0.02; WW
immens; 6; 1.12; ADJ
afgevoerd; 9; 1.56; WW
bonus; 5; 7.32; N
uitgedeeld; 10; 1.56; WW
bestuur; 7; 12.46; N
opgemerkt; 9; 7.27; WW
leerling; 8; 12.99; N
verhoord; 8; 4.12; WW
vermiste; 8; 10.61; ADJ
decaan; 6; 4.53; N
vermoord; 8; 334.74; WW
zwanger; 7; 62.77; ADJ
kritieke; 8; 2.97; ADJ
toestand; 8; 28.08; N
opgenomen; 9; 26.50; WW
ziekenhuis; 10; 109.95; N
vergeten; 8; 230.44; WW
dichter; 7; 27.24; ADJ
lezer; 5; 1.53; N
vreest; 6; 3.52; WW
wanhopig; 8; 17.86; ADJ
beschermheer; 12; 0.73; N
delhi; 5; 0.53; SPEC
heilige; 7; 39.72; ADJ
tempel; 6; 14.66; N
bouwde; 6; 5.83; WW
gestorven; 9; 58.82; WW
houten; 6; 9.06; ADJ
bureau; 6; 66.93; N
knullig; 7; 0.16; ADJ
elkaar; 6; 578.08; VNW
gezet; 5; 62.61; WW
ineen; 5; 2.08; BW
magere; 6; 6.43; ADJ
dronkelap; 9; 2.26; N
uitsmijter; 10; 1.62; N
ontloopt; 8; 1.58; WW
iets; 4; 2245.19; VNW
íets; 4; 0.32; N
iéts; 4; 0.09; N
verbergen; 9; 34.69; WW
geschreven; 10; 68.19; WW
brievenbus; 10; 4.25; N
zie; 3; 854.41; WW
zelden; 6; 12.60; BW
ster; 4; 43.77; N
voldoende; 9; 23.83; ADJ
privacy; 7; 13.31; N
acht; 4; 111.07; TW
wordt; 5; 1025.05; WW
vaak; 4; 180.02; ADJ
gebeld; 6; 138.26; WW
omstanders; 10; 0.71; N
kritisch; 8; 2.22; ADJ
maken; 5; 957.27; WW
belachelijk; 11; 58.38; ADJ
vlotte; 6; 1.01; ADJ
babbel; 6; 1.85; N
kan; 3; 4025.85; WW
kán; 3; 0.41; WW
kàn; 3; 0.05; WW
sollicitaties; 13; 0.55; N
helpt; 5; 93.64; WW
wel; 3; 4103.87; BW
wél; 3; 0.09; BW
wèl; 3; 0.09; N
vincent; 7; 13.93; SPEC
portretten; 10; 1.19; N
geschilderd; 11; 6.13; WW
kon; 3; 620.84; WW
helaas; 6; 69.34; BW
niks; 4; 831.61; VNW
verdienen; 9; 64.14; WW
artiesten; 9; 4.48; N
moeten; 6; 1776.15; WW
moéten; 6; 0.09; WW
móeten; 6; 0.07; WW
huilende; 8; 1.49; WW
babies; 6; 1.53; N
route; 5; 20.28; N
langs; 5; 170.30; VZ
plassen; 7; 17.38; WW
langer; 6; 104.16; ADJ
verwacht; 8; 123.30; WW
heks; 4; 26.76; N
toekomst; 8; 103.45; N
voorspelde; 10; 2.10; WW
hard; 4; 159.46; ADJ
chauffeur; 9; 29.77; N
verstopte; 9; 5.85; WW
buskruit; 8; 1.97; N
ontdekt; 7; 53.28; WW
onervaren; 9; 2.84; ADJ
musicus; 7; 1.51; N
dure; 4; 16.79; ADJ
zwarte; 6; 104.39; ADJ
piano; 5; 14.11; N
gestemd; 7; 6.77; WW
zenuwachtig; 11; 20.15; ADJ
ervan; 5; 217.75; BW
knusse; 6; 0.50; ADJ
dorpjes; 7; 0.78; N
bezoeken; 8; 26.25; WW
enthousiast; 11; 10.95; ADJ
tandem; 6; 0.16; N
verzekerd; 9; 10.89; WW
kwamen; 6; 101.35; WW
we; 2; 10150.85; VNW
hollandse; 9; 1.01; ADJ
bossen; 6; 12.65; N
prachtig; 8; 159.18; ADJ
bezoekt; 7; 4.07; WW
zwitserse; 9; 3.77; ADJ
graag; 5; 583.73; BW
zoete; 5; 9.03; ADJ
pannekoek; 9; 0.16; N
gegeten; 7; 44.68; WW
buikpijn; 8; 2.95; N
modieuze; 8; 0.55; ADJ
sarah; 5; 51.06; SPEC
wollen; 6; 1.26; ADJ
tassen; 6; 7.50; N
markt; 5; 19.03; N
bracht; 6; 60.92; WW
succes; 6; 103.64; N
ideale; 6; 8.16; ADJ
breekijzer; 10; 0.39; N
onmisbaar; 9; 2.24; ADJ
winkels; 7; 7.94; N
twintig; 7; 56.44; TW
dollar; 6; 235.26; N
minder; 6; 121.27; VNW
waard; 5; 113.74; ADJ
voorheen; 8; 6.11; BW
krijg; 5; 374.28; WW
maar; 4; 8385.73; VG
talentvolle; 11; 1.28; ADJ
uitstekend; 10; 40.54; ADJ
pleidooi; 8; 1.65; N
gehouden; 8; 55.36; WW
parkiet; 7; 0.85; N
madam; 5; 3.75; N
inspireert; 10; 1.81; WW
kooi; 4; 13.81; N
hevige; 6; 3.29; ADJ
bliksem; 7; 10.63; N
kilometer; 9; 49.65; N
verder; 6; 323.76; ADJ
insloeg; 7; 0.62; WW
zorgde; 6; 15.57; WW
brand; 5; 44.39; N
beet; 4; 18.50; N
zomaar; 6; 123.24; BW
lekkere; 7; 28.61; ADJ
taart; 5; 31.35; N
corrupte; 8; 5.19; ADJ
bankier; 7; 3.73; N
goede; 5; 465.36; ADJ
zaken; 5; 185.98; N
deed; 4; 432.02; WW
geweten; 7; 49.92; WW
vastzittende; 12; 0.07; WW
kinderen; 8; 474.49; N
project; 7; 30.39; N
kost; 4; 80.40; WW
lijkt; 5; 429.44; WW
vallen; 6; 180.98; WW
gebakken; 8; 12.92; WW
ei; 2; 16.19; N
kapotte; 7; 5.99; ADJ
dooier; 6; 0.32; N
heerlijk; 8; 73.84; ADJ
héérlijk; 8; 0.18; ADJ
s; 1; 56.58; N
troosten; 8; 4.55; WW
techneut; 8; 0.41; N
huilt; 5; 12.42; WW
darmen; 6; 4.41; N
varken; 6; 24.74; N
afkomen; 7; 3.27; WW
gevuld; 6; 11.02; WW
botte; 5; 1.28; ADJ
bioloog; 7; 1.60; N
kwaad; 5; 157.83; ADJ
bukte; 5; 0.53; WW
struikelde; 10; 2.38; WW
onhandige; 9; 1.35; ADJ
behanger; 8; 0.16; N
haat; 4; 151.32; WW
háát; 4; 0.14; WW
adviseur; 8; 8.64; N
onze; 4; 1062.01; VNW
overtuigde; 10; 2.93; WW
dirigent; 8; 0.87; N
worden; 6; 1070.10; WW
luisteren; 9; 99.41; WW
moet; 4; 3928.29; WW
móet; 4; 0.59; WW
moét; 4; 0.23; WW
moët; 4; 0.18; SPEC
móét; 4; 0.09; WW
nu; 2; 3089.45; BW
nú; 2; 1.05; BW
nù; 2; 0.07; N
blaren; 6; 2.08; N
zitten; 6; 743.64; WW
snelle; 6; 18.43; ADJ
drummer; 7; 3.04; N
band; 4; 79.28; N
zocht; 5; 45.26; WW
plaatste; 8; 2.79; WW
advertentie; 11; 7.98; N
stevige; 7; 5.97; ADJ
korte; 5; 30.87; ADJ
penseel; 7; 0.46; N
voorkeur; 8; 9.35; N
joris; 5; 1.05; SPEC
fruitige; 8; 0.16; ADJ
dranken; 7; 0.57; N
soms; 4; 349.86; BW
vreemd; 6; 126.67; ADJ
smaakten; 8; 0.30; WW
geschonken; 10; 4.39; WW
kromme; 6; 1.10; ADJ
tenen; 5; 12.33; N
ze; 2; 9310.51; VNW
zé; 2; 0.11; N
recht; 5; 159.37; N
milde; 5; 0.82; ADJ
zonden; 6; 15.55; N
opbiechtte; 10; 0.11; WW
huilde; 6; 12.12; WW
opa; 3; 57.33; N
bakker; 6; 4.00; N
vroeger; 7; 124.45; ADJ
piloot; 6; 30.12; N
of; 2; 2338.15; VG
óf; 2; 2.40; BW
òf; 2; 0.25; N
brandweerman; 12; 5.05; N
at; 2; 15.37; WW
muffe; 5; 0.53; ADJ
toast; 5; 10.77; N
smaakte; 7; 1.58; WW
frank; 5; 104.69; SPEC
nerveus; 7; 42.90; ADJ
ogende; 6; 0.23; WW
patholoog; 9; 2.01; N
hem; 3; 3698.04; VNW
hém; 3; 1.17; VNW
hèm; 3; 0.23; N
onderzocht; 10; 20.10; WW
pas; 3; 325.80; BW
overleden; 9; 41.80; WW
tennisser; 9; 0.27; N
kende; 5; 82.76; WW
begrafenis; 10; 35.19; N
kamp; 4; 41.73; N
enkele; 6; 114.59; VNW
begeleider; 10; 2.36; N
redde; 5; 15.21; WW
droge; 5; 8.35; ADJ
beschuit; 8; 0.37; N
verslikte; 9; 0.11; WW
professor; 9; 67.21; N
dertigste; 9; 0.82; TW
domino; 6; 2.10; N
speelde; 7; 40.11; WW
gewonnen; 8; 71.62; WW
versleten; 9; 3.66; WW
toestel; 7; 16.33; N
aardig; 6; 191.95; ADJ
draait; 6; 48.75; WW
gekeurd; 7; 0.62; WW
rosa; 4; 5.95; SPEC
bruiloft; 8; 36.38; N
bedacht; 7; 41.83; WW
vreugde; 7; 13.56; N
panda; 5; 0.96; N
uitsterven; 10; 1.94; WW
bedreigd; 8; 13.90; WW
rekent; 6; 4.39; WW
u; 1; 5502.59; VNW
ú; 1; 0.46; BW
ù; 1; 0.07; N
bands; 5; 2.52; N
populair; 8; 15.44; ADJ
brengen; 7; 249.76; WW
enorme; 6; 44.43; ADJ
tenten; 6; 3.82; N
gans; 4; 5.88; ADJ
andere; 6; 655.30; ADJ
persoon; 7; 94.12; N
vasthield; 9; 2.61; WW
begon; 5; 106.24; WW
fladderen; 9; 0.64; WW
ton; 3; 13.72; N
paradijs; 8; 14.43; N
verborgen; 9; 32.43; WW
gemaakte; 8; 1.78; WW
salade; 6; 9.92; N
deze; 4; 1716.92; VNW
déze; 4; 0.11; ADJ
bedorven; 8; 3.84; WW
tomaat; 6; 2.97; N
verpest; 7; 40.18; WW
gooi; 4; 73.63; WW
verhitte; 8; 0.30; ADJ
discussie; 9; 14.45; N
uitdraaide; 10; 0.07; WW
gehad; 5; 317.64; WW
perceel; 7; 0.69; N
vaste; 5; 17.45; ADJ
bestemming; 10; 12.51; N
katten; 6; 15.46; N
continu; 7; 4.62; ADJ
plukjes; 7; 0.16; N
verliezen; 9; 96.78; WW
kunnen; 6; 1704.80; WW
tekort; 6; 11.16; N
vitamine; 8; 1.81; N
pasta; 5; 5.92; N
overgoten; 9; 0.39; WW
rode; 4; 55.73; ADJ
saus; 4; 9.56; N
versmaden; 9; 0.18; WW
martine; 7; 1.60; SPEC
glimmende; 9; 2.31; WW
dressoir; 8; 0.82; N
gepoetst; 8; 2.90; WW
vond; 4; 269.86; WW
gouden; 6; 32.61; ADJ
ketting; 7; 19.14; N
kreta; 5; 1.01; SPEC
stranden; 8; 2.49; N
vanwege; 7; 84.36; VZ
massale; 7; 1.49; ADJ
toerisme; 8; 1.03; N
aantrekkelijk; 13; 17.20; ADJ
peter; 5; 53.24; SPEC
gemene; 6; 14.89; ADJ
duivel; 6; 45.12; N
uitgedreven; 11; 0.50; WW
doodmoe; 7; 3.32; ADJ
sliep; 5; 26.48; WW
meteen; 6; 218.46; BW
bezem; 5; 3.80; N
lucht; 5; 89.00; N
vloog; 5; 15.64; WW
lelijk; 6; 29.23; ADJ
borrels; 7; 1.69; N
drinkt; 6; 29.07; WW
tegen; 5; 1031.75; VZ
tégen; 5; 0.14; N
boom; 4; 52.25; N
gereden; 7; 19.55; WW
ring; 4; 52.34; N
diamant; 7; 11.18; N
bevat; 5; 9.74; WW
oogarts; 7; 0.87; N
anne; 4; 17.36; SPEC
aanbiedt; 8; 3.38; WW
rijk; 4; 79.15; ADJ
kleurige; 8; 0.32; ADJ
papegaai; 8; 3.29; N
gekocht; 7; 64.30; WW
zak; 3; 96.87; N
pitjes; 6; 0.14; N
reus; 4; 7.45; N
wees; 4; 233.69; WW
dwerg; 5; 8.99; N
knuppel; 7; 7.32; N
patricia; 8; 3.25; SPEC
geleerd; 7; 88.64; WW
haalde; 6; 23.74; WW
moeilijke; 9; 26.66; ADJ
tentamen; 8; 1.10; N
punt; 4; 73.77; N
trui; 4; 11.62; N
droger; 6; 1.99; N
terecht; 7; 44.89; ADJ
gekomen; 7; 204.94; WW
paste; 5; 5.67; WW
rotterdam; 9; 0.48; SPEC
samen; 5; 370.64; BW
dingen; 6; 510.78; N
tot; 3; 1131.50; VZ
stand; 5; 15.71; N
kortere; 7; 3.38; ADJ
termijn; 7; 6.29; N
vertrok; 7; 22.14; WW
gezelschap; 10; 36.89; N
bus; 3; 64.83; N
lezers; 6; 3.11; N
groten; 6; 2.13; ADJ
getale; 6; 0.23; N
bezwaar; 7; 20.76; N
schrijnende; 11; 0.18; ADJ
situatie; 8; 70.50; N
waaraan; 7; 13.51; BW
nederlandse; 11; 1.97; ADJ
politiek; 8; 30.87; N
nauwelijks; 10; 33.09; BW
doet; 4; 835.25; WW
dagen; 5; 290.15; N
meest; 5; 58.95; VNW
succesvolle; 11; 6.17; ADJ
nederland; 9; 3.02; SPEC
toezicht; 8; 8.00; N
accountants; 11; 0.87; N
ter; 3; 76.88; VZ
regionale; 9; 2.49; ADJ
problemen; 9; 232.64; N
zoals; 5; 731.89; VG
antillen; 8; 0.32; SPEC
pillen; 6; 28.01; N
blauwe; 6; 48.80; ADJ
poeders; 7; 0.32; N
ingevoerd; 9; 2.36; WW
haalt; 5; 56.62; WW
zo; 2; 3841.35; BW
zó; 2; 10.59; BW
zò; 2; 0.21; SPEC
zô; 2; 0.07; WW
complete; 8; 11.14; ADJ
bouwsel; 7; 0.09; N
verband; 7; 25.29; N
vorig; 5; 35.70; ADJ
jaar; 4; 762.67; N
dertig; 6; 32.45; TW
dossiers; 8; 18.34; N
allemaal; 8; 815.26; BW
gekoppeld; 9; 3.04; WW
actiegroep; 10; 0.16; N
nieuw; 5; 119.85; ADJ
probleem; 8; 341.78; N
natuur; 6; 26.96; N
race; 4; 26.32; N
eindigde; 8; 6.38; WW
olympisch; 9; 1.30; ADJ
paard; 5; 83.63; N
als; 3; 6343.35; VG
áls; 3; 0.34; N
bij; 3; 2465.94; VZ
openbare; 8; 12.28; ADJ
debat; 5; 5.74; N
duidelijk; 9; 170.82; ADJ
wat; 3; 10991.46; VNW
wát; 3; 1.23; VNW
bedoeling; 9; 39.33; N
werkt; 5; 270.71; WW
twaalf; 6; 46.49; TW
per; 3; 163.99; VZ
uur; 3; 348.69; N
eigen; 5; 355.96; ADJ
bestaan; 7; 56.96; WW
bruid; 5; 21.13; N
india; 5; 2.29; SPEC
groeperingen; 12; 1.14; N
binnen; 6; 677.30; VZ
kerk; 4; 79.49; N
bestrijden; 10; 8.60; WW
bekendheid; 10; 1.58; N
macht; 5; 83.99; N
tijdrovende; 11; 0.07; ADJ
procedure; 9; 11.82; N
klassieke; 9; 7.09; ADJ
animatie; 8; 0.59; N
pubers; 6; 0.78; N
straat; 6; 100.34; N
zorgen; 6; 420.52; N
overlast; 8; 2.74; N
broodje; 7; 12.76; N
belegd; 6; 0.82; WW
kaas; 4; 22.85; N
ham; 3; 10.47; N
duizend; 7; 40.36; TW
arbeiders; 9; 8.51; N
werken; 6; 306.82; WW
bedrijf; 7; 73.38; N
tegenover; 9; 32.27; VZ
station; 7; 28.04; N
anke; 4; 0.37; SPEC
plant; 5; 11.69; N
gieter; 6; 0.32; N
wijnglazen; 10; 0.32; N
bovenste; 8; 9.03; ADJ
plank; 5; 11.21; N
keukenkastje; 12; 0.11; N
moedige; 7; 5.99; ADJ
bereikten; 9; 1.53; WW
eindelijk; 9; 116.33; ADJ
top; 3; 36.36; N
berg; 4; 34.30; N
maakte; 6; 130.12; WW
diepe; 5; 13.10; ADJ
buiging; 7; 0.91; N
huishoudster; 12; 6.29; N
tafel; 5; 83.40; N
af; 2; 872.25; VZ
vochtig; 7; 3.25; ADJ
doekje; 6; 1.37; N
stof; 4; 29.25; N
verwijderen; 11; 14.84; WW
zakenvrouw; 10; 0.85; N
droeg; 5; 31.21; WW
grijze; 6; 9.28; ADJ
pantalon; 8; 0.23; N
voorstelling; 12; 12.51; N
jaarlijks; 9; 2.13; ADJ
druk; 4; 207.11; ADJ
bezocht; 7; 11.02; WW
buitenlandse; 12; 11.50; ADJ
toeristen; 9; 9.10; N
fotocamera; 10; 0.14; N
garage; 6; 29.13; N
beurt; 5; 41.89; N
periodieke; 10; 0.25; ADJ
keuring; 7; 1.17; N
kees; 4; 1.78; SPEC
kocht; 5; 24.79; WW
keurig; 6; 5.37; ADJ
bosje; 5; 1.35; N
bloemen; 7; 46.19; N
doos; 4; 38.28; N
bonbons; 7; 1.60; N
sprookje; 8; 6.11; N
koning; 6; 138.53; N
troon; 5; 12.10; N
niksen; 6; 0.94; WW
kleurde; 7; 0.27; WW
details; 7; 33.43; N
klein; 5; 195.66; ADJ
helemaal; 8; 547.82; BW
druppende; 9; 0.02; WW
kraan; 5; 6.40; N
keuken; 6; 52.98; N
firma; 5; 8.78; N
viert; 5; 2.77; WW
tienjarig; 9; 0.25; ADJ
gigantisch; 10; 6.86; ADJ
koorts; 6; 14.77; N
griep; 5; 7.13; N
lastige; 7; 7.34; ADJ
geduldig; 8; 6.95; ADJ
bestelling; 10; 9.26; N
kantoor; 7; 124.42; N
gebruiken; 9; 215.96; WW
simpel; 6; 52.92; ADJ
uitsluitend; 11; 2.47; ADJ
papier; 6; 31.05; N
milieu; 6; 4.99; N
marco; 5; 9.01; SPEC
ieder; 5; 95.08; VNW
half; 4; 104.76; ADJ
controle; 8; 71.92; N
contrôle; 8; 0.07; N
bezorgde; 8; 5.44; WW
lisa; 4; 29.23; SPEC
boeket; 6; 2.06; N
rozen; 5; 12.37; N
floor; 5; 0.39; SPEC
vannacht; 8; 70.07; BW
hele; 4; 607.87; ADJ
héle; 4; 0.07; ADJ
droom; 5; 109.42; N
slangen; 7; 11.80; N
twee; 4; 1007.51; TW
twéé; 4; 0.32; N
waren; 5; 648.69; WW
betrokken; 9; 51.77; WW
frontale; 8; 1.46; ADJ
botsing; 7; 3.32; N
autoweg; 7; 0.96; N
theater; 7; 21.54; N
beschuldigde; 12; 3.29; WW
diefstal; 8; 13.51; N
herkend; 7; 9.03; WW
blonde; 6; 10.93; ADJ
pruik; 5; 6.52; N
krullen; 7; 2.84; N
zanger; 6; 6.22; N
trad; 4; 1.94; WW
ahoy; 4; 1.01; SPEC
ouderwetse; 10; 6.43; ADJ
klompen; 7; 0.41; N
boerendorp; 10; 0.14; N
sinds; 5; 198.13; VZ
hier; 4; 4516.62; VNW
bezoek; 6; 63.80; N
veranderd; 9; 107.68; WW
wieg; 4; 4.12; N
lag; 3; 87.04; WW
gebalde; 7; 0.21; WW
slapen; 6; 209.22; WW
spelen; 6; 247.77; WW
lette; 5; 3.00; WW
orkest; 6; 4.21; N
bewegingen; 10; 8.53; N
na; 2; 593.44; VZ
ná; 2; 0.25; SPEC
verkiezingen; 12; 10.24; N
grootste; 8; 90.24; ADJ
partij; 6; 22.62; N
waarschijnlijk; 14; 168.31; ADJ
rotzooi; 7; 36.36; N
centrale; 8; 17.24; ADJ
plein; 5; 5.49; N
spanje; 6; 17.08; SPEC
trek; 4; 125.73; WW
gunstige; 8; 1.46; ADJ
klimaat; 7; 4.12; N
tegenwoordig; 12; 34.12; ADJ
juichen; 7; 3.20; WW
verrassingen; 12; 9.12; N
verjaardag; 10; 51.54; N
danspasjes; 10; 0.37; N
roos; 4; 11.71; N
voeten; 6; 58.08; N
bouw; 4; 12.33; N
schuurtje; 9; 1.01; N
bleek; 5; 24.17; WW
karwei; 6; 2.72; N
minister; 8; 25.77; N
benieuwd; 8; 14.77; ADJ
totale; 6; 11.71; ADJ
percentage; 10; 3.45; N
kiezers; 7; 3.54; N
friesland; 9; 0.11; SPEC
beugel; 6; 3.48; N
achttiende; 10; 1.23; TW
verloofde; 9; 24.88; WW
koppel; 6; 6.95; N
bekijkt; 7; 10.95; WW
locatie; 7; 22.14; N
juni; 4; 12.94; SPEC
artsen; 6; 12.67; N
stad; 4; 272.61; N
belangrijke; 11; 46.28; ADJ
bespreking; 10; 5.56; N
chirurgie; 9; 4.34; N
koffie; 6; 133.30; N
koffïe; 6; 0.11; N
suiker; 6; 21.82; N
plaats; 6; 213.38; N
riskante; 8; 0.89; ADJ
kruising; 8; 4.41; N
buiten; 6; 363.58; VZ
terrorist; 9; 10.29; N
vervelend; 9; 32.38; ADJ
dwaalspoor; 10; 1.07; N
wisselen; 8; 10.89; WW
schildwacht; 11; 0.34; N
uren; 4; 39.77; N
poort; 5; 25.06; N
vervallen; 9; 3.13; WW
kasteel; 7; 27.60; N
uitkijk; 7; 6.59; N
maakten; 7; 25.59; WW
kring; 5; 3.48; N
zingen; 6; 65.52; WW
stormachtige; 12; 0.64; ADJ
meerdere; 8; 23.44; VNW
teams; 5; 9.72; N
sporthal; 8; 0.37; N
halverwege; 10; 8.87; BW
spannende; 9; 4.21; ADJ
agenten; 7; 61.42; N
aantal; 6; 51.43; N
vechtende; 9; 0.57; WW
reclame; 7; 12.94; N
besteden; 8; 4.87; WW
lucratieve; 10; 0.71; ADJ
bedrijven; 9; 16.90; N
aankoop; 7; 2.58; N
sluiten; 7; 58.68; WW
lening; 6; 10.27; N
stakingen; 9; 0.64; N
slachthuis; 10; 2.06; N
stijgen; 7; 8.71; WW
huidige; 7; 14.32; ADJ
prijzen; 7; 12.94; N
vlees; 5; 61.67; N
flessen; 7; 8.53; N
wijn; 4; 60.44; N
krijgen; 7; 496.90; WW
rijke; 5; 29.96; ADJ
fles; 4; 45.71; N
cadeau; 6; 29.29; N
eeuwenoude; 10; 1.60; ADJ
eik; 3; 1.53; N
tuin; 4; 36.66; N
bloeien; 7; 2.45; WW
witte; 5; 50.93; ADJ
tulpen; 6; 0.75; N
volop; 5; 3.25; BW
opening; 7; 10.63; N
kregen; 6; 35.35; WW
talrijke; 8; 0.59; ADJ
consumptie; 10; 0.66; N
stellen; 7; 105.81; WW
gedreven; 8; 7.82; WW
advocaten; 9; 20.88; N
vragen; 6; 440.66; WW
behaalde; 8; 0.50; WW
diploma; 7; 8.99; N
trakteren; 9; 3.84; WW
vrienden; 8; 332.61; N
gebak; 5; 2.15; N
rumoerige; 9; 0.11; ADJ
beslisten; 9; 0.55; WW
leden; 5; 20.67; N
staking; 7; 3.25; N
voort; 5; 23.46; BW
zetten; 6; 153.33; WW
ergernis; 8; 0.75; N
beheerder; 9; 2.26; N
gooien; 6; 49.62; WW
terrein; 7; 27.05; N
behoefte; 8; 16.03; N
fabrikant; 9; 1.10; N
productie; 9; 6.91; N
duikers; 7; 2.29; N
springen; 8; 46.86; WW
hoge; 4; 47.43; ADJ
duikplank; 9; 0.37; N
zwembad; 7; 23.17; N
gruwelijk; 9; 4.18; ADJ
verwende; 8; 2.52; WW
goud; 4; 61.99; N
zowel; 5; 15.41; BW
leerlingen; 10; 14.02; N
docenten; 8; 0.96; N
bidden; 6; 36.82; WW
doodzieke; 9; 0.16; ADJ
lompen; 6; 0.64; N
gehulde; 7; 0.07; WW
bedelaar; 8; 2.54; N
steelt; 6; 13.61; WW
fruit; 5; 12.94; N
groenteboer; 11; 0.32; N
vrolijke; 8; 6.91; ADJ
meisjes; 7; 133.25; N
dansen; 6; 102.91; WW
gezellige; 9; 2.84; ADJ
braderie; 8; 0.32; N
uitgelaten; 10; 1.53; WW
feestgangers; 12; 0.21; N
rusten; 6; 41.76; WW
park; 4; 30.87; N
lachwekkende; 12; 0.16; ADJ
clowns; 6; 6.13; N
talloze; 7; 4.83; ADJ
dwaasheden; 10; 0.30; N
laaiend; 7; 1.44; ADJ
dronken; 7; 76.77; ADJ
bestuurder; 10; 6.17; N
verzint; 7; 5.56; WW
flauw; 5; 21.50; ADJ
smoesje; 7; 1.28; N
serveert; 8; 1.58; WW
fel; 3; 6.27; ADJ
gekleurde; 9; 3.22; WW
kokosnoten; 10; 1.56; N
ananassen; 9; 0.09; N
vriend; 6; 491.43; N
bedenkt; 7; 7.96; WW
toepasselijk; 12; 1.69; ADJ
gedicht; 7; 14.73; N
kersverse; 9; 0.41; ADJ
bruidspaar; 10; 0.94; N
verrassen; 9; 12.37; WW
overvallers; 11; 3.00; N
nemen; 5; 391.29; WW
handvol; 7; 2.22; N
diamanten; 9; 23.76; N
genoegen; 8; 41.67; N
indische; 8; 0.23; ADJ
restaurants; 11; 5.69; N
pikant; 6; 1.12; ADJ
pepers; 6; 1.19; N
geserveerd; 10; 1.92; WW
leest; 5; 25.43; WW
zondagse; 8; 1.10; ADJ
krant; 5; 58.20; N
huiskamer; 9; 2.81; N
pientere; 8; 0.80; ADJ
dame; 4; 82.74; N
boekje; 6; 11.02; N
presenteert; 11; 2.93; WW
lopend; 6; 4.64; WW
buffet; 6; 3.18; N
china; 5; 19.94; SPEC
naaien; 6; 18.02; WW
kleren; 6; 104.85; N
westerse; 8; 4.67; ADJ
consumenten; 11; 0.59; N
verstandige; 11; 2.58; ADJ
keuze; 5; 66.45; N
vlug; 4; 48.05; ADJ
vertrekken; 10; 100.78; WW
drang; 5; 4.71; N
spijbelen; 9; 2.26; WW
overvalt; 8; 1.58; WW
me; 2; 7396.96; VNW
drie; 4; 526.78; TW
karin; 5; 1.81; SPEC
indruk; 6; 50.97; N
dijken; 6; 0.02; N
dergelijk; 9; 1.94; ADJ
vastgesteld; 11; 5.08; WW
kom; 3; 2612.54; WW
terug; 5; 1336.35; BW
heropende; 9; 0.11; WW
dierentuin; 10; 9.56; N
amsterdam; 9; 5.74; SPEC
moment; 6; 253.97; N
broertje; 8; 23.62; N
hond; 4; 168.65; N
dorpje; 6; 5.10; N
nieuwbouw; 9; 0.27; N
prestatie; 9; 5.35; N
niets; 5; 1289.32; VNW
vroegere; 8; 6.65; ADJ
afhankelijke; 12; 0.07; ADJ
positie; 7; 57.08; N
past; 4; 44.55; WW
veranderde; 10; 21.38; WW
jaren; 5; 167.87; N
breekt; 6; 24.22; WW
onnodige; 8; 2.17; ADJ
drama; 5; 11.16; N
los; 3; 184.80; ADJ
vraag; 5; 436.69; WW
vráág; 5; 0.07; WW
grondstoffen; 12; 0.59; N
naam; 4; 470.60; N
noemen; 6; 141.78; WW
ons; 3; 2301.95; VNW
óns; 3; 0.14; N
geldt; 5; 26.37; WW
verlaging; 9; 0.16; N
reparaties; 10; 1.72; N
komende; 7; 22.43; WW
congres; 7; 12.28; N
houding; 7; 20.08; N
begin; 5; 193.12; N
ingegeven; 9; 0.43; WW
vertrouwen; 10; 141.74; N
verloren; 8; 128.08; WW
zelfs; 5; 387.15; BW
zélfs; 5; 0.07; N
grove; 5; 3.84; ADJ
dwaling; 7; 0.62; N
mentale; 7; 4.14; ADJ
inzinking; 9; 1.44; N
besluit; 7; 28.26; N
voorgenomen; 11; 0.96; WW
destructie; 10; 0.34; N
kerncentrale; 12; 2.17; N
betere; 6; 51.16; ADJ
behuizing; 9; 0.39; N
afgedwongen; 11; 0.55; WW
europese; 8; 6.47; ADJ
regels; 6; 83.77; N
wanneer; 7; 458.82; BW
wannéér; 7; 0.11; N
lakse; 5; 0.11; ADJ
eens; 4; 1392.11; BW
ééns; 4; 0.05; N
eéns; 4; 0.05; SPEC
manier; 6; 257.40; N
geliefd; 7; 7.23; ADJ
troepen; 7; 25.31; N
gebied; 6; 58.29; N
uitgebreid; 10; 5.42; ADJ
zeventig; 8; 3.59; TW
boeiende; 8; 2.15; WW
programma; 9; 37.96; N
miljoenen; 9; 30.37; N
luisteraars; 11; 1.39; N
duizenden; 9; 33.75; N
wereld; 6; 394.01; N
komen; 5; 1143.88; WW
popconcert; 10; 0.09; N
bericht; 7; 59.78; N
eeuwige; 7; 18.32; ADJ
jeruzalem; 9; 7.55; SPEC
trouwe; 6; 9.15; ADJ
dienaren; 8; 1.74; N
toe; 3; 580.41; VZ
eisende; 7; 0.23; WW
malafide; 8; 0.14; ADJ
makelaar; 8; 5.08; N
lees; 4; 61.15; WW
boeken; 6; 66.91; N
tijd; 4; 898.46; N
bekentenis; 10; 11.11; N
moord; 5; 141.99; N
dreef; 5; 6.27; WW
machtige; 8; 13.84; ADJ
personeel; 9; 22.07; N
overwinning; 11; 23.05; N
hawaii; 6; 1.74; SPEC
hawaïï; 6; 0.09; SPEC
hopelijk; 8; 64.26; ADJ
snel; 4; 463.60; ADJ
arbeidsethos; 12; 0.14; N
centraal; 8; 2.68; ADJ
bolivia; 7; 1.26; SPEC
anders; 6; 772.57; BW
zuiden; 6; 28.65; N
paar; 4; 434.44; N
alles; 5; 1708.42; VNW
álles; 5; 0.09; N
bemachtigen; 11; 3.34; WW
vandaar; 7; 16.60; BW
kippen; 6; 11.80; N
pootjes; 7; 3.13; N
staande; 7; 3.36; WW
beruchte; 8; 4.60; ADJ
daders; 6; 7.11; N
meldden; 7; 0.43; WW
tweede; 6; 129.82; TW
echter; 6; 18.13; BW
bijna; 5; 334.03; BW
mis; 3; 219.69; ADJ
nationaal; 9; 4.32; ADJ
bureaucratie; 12; 1.44; N
japan; 5; 13.17; SPEC
geringe; 7; 0.82; ADJ
fout; 4; 165.27; ADJ
stortte; 7; 5.67; WW
ploeg; 5; 9.81; N
zachte; 6; 10.18; ADJ
plantjes; 8; 0.69; N
emmer; 5; 6.72; N
vol; 3; 207.21; ADJ
aarde; 5; 100.07; N
kwam; 4; 478.85; WW
aanlopen; 8; 0.89; WW
diadeem; 7; 0.55; N
bek; 3; 51.13; N
natasja; 7; 0.25; SPEC
stopte; 6; 24.17; WW
zakdoek; 7; 4.92; N
broek; 5; 67.28; N
ruches; 6; 0.25; N
overtreders; 11; 0.82; N
wet; 3; 80.45; N
rekenen; 7; 32.61; WW
eerlijk; 7; 172.38; ADJ
proces; 6; 37.07; N
onpartijdige; 12; 0.55; ADJ
rechter; 7; 63.28; N
avondje; 7; 5.19; N
stappen; 7; 33.84; WW
behoorlijke; 11; 3.91; ADJ
kater; 5; 7.29; N
alcohol; 7; 19.28; N
student; 7; 17.15; N
rond; 4; 172.65; VZ
karige; 6; 0.09; ADJ
beurs; 5; 14.43; N
vierhonderd; 11; 2.22; TW
gulden; 6; 1.92; N
uitvallen; 9; 1.46; WW
elektriciteit; 13; 10.98; N
verlichtte; 10; 0.50; WW
kaarsen; 7; 8.28; N
barones; 7; 3.36; N
nodigde; 7; 3.82; WW
gasten; 6; 52.96; N
diner; 5; 24.08; N
wijnen; 6; 1.03; N
handen; 6; 214.80; N
moordenaar; 10; 93.83; N
zaten; 5; 58.77; WW
druipende; 9; 0.23; WW
bloed; 5; 185.32; N
slachtoffer; 11; 51.64; N
beker; 5; 8.78; N
champagne; 9; 34.64; N
veegde; 6; 1.03; WW
vloer; 5; 31.72; N
stokoude; 8; 0.32; ADJ
twijgen; 7; 0.27; N
balie; 5; 4.41; N
aangiftes; 9; 0.09; N
deftige; 7; 1.05; ADJ
pakjes; 6; 6.38; N
zolder; 6; 8.19; N
bewaard; 7; 12.58; WW
kist; 4; 27.67; N
eikenhout; 9; 0.11; N
tevreden; 8; 42.97; ADJ
decor; 5; 1.62; N
zestiende; 9; 2.38; TW
brommer; 7; 1.07; N
helm; 4; 11.09; N
snelweg; 7; 18.34; N
stil; 4; 160.81; ADJ
brandstof; 9; 14.50; N
tank; 4; 19.25; N
hadden; 6; 390.47; WW
moeite; 6; 68.60; N
opzetten; 8; 13.08; WW
tentje; 6; 1.07; N
storm; 5; 29.61; N
rustige; 7; 7.68; ADJ
klas; 4; 48.98; N
les; 3; 66.43; N
geven; 5; 475.61; WW
klopte; 6; 7.59; WW
tabak; 5; 5.26; N
pijp; 4; 13.81; N
asbak; 5; 3.06; N
vakkundige; 10; 0.14; ADJ
nico; 4; 3.59; SPEC
kies; 4; 35.35; WW
wortels; 7; 5.74; N
vliegreis; 9; 0.16; N
mocht; 5; 103.11; WW
cockpit; 7; 5.21; N
kijken; 6; 495.23; WW
mobiele; 7; 9.51; ADJ
overdracht; 10; 3.29; N
steeds; 6; 476.75; BW
iedere; 6; 84.38; VNW
donderdag; 9; 23.23; SPEC
lange; 5; 90.10; ADJ
bokser; 6; 6.45; N
woog; 4; 1.60; WW
negentig; 8; 3.29; TW
kilo; 4; 28.49; N
schoon; 6; 49.28; ADJ
haak; 4; 12.65; N
brute; 5; 2.63; ADJ
beroving; 8; 3.09; N
vastgelegd; 10; 3.93; WW
camera; 6; 60.83; N
boven; 5; 244.76; VZ
ingang; 6; 16.35; N
midden; 6; 47.29; BW
hangt; 5; 67.19; WW
poster; 6; 3.75; N
zilveren; 8; 10.15; ADJ
lijst; 5; 66.77; N
winst; 5; 21.63; N
producten; 9; 4.41; N
basketballers; 13; 0.23; N
tribune; 7; 2.70; N
begeleid; 8; 4.53; WW
coach; 5; 31.81; N
vader; 5; 795.62; N
rechte; 6; 9.31; ADJ
avondeten; 9; 9.47; N
waarzegster; 11; 1.39; N
bijgelovige; 11; 1.10; ADJ
glazen; 6; 16.03; N
bol; 3; 9.81; N
atleet; 6; 2.58; N
beschuldigd; 11; 14.27; WW
gebruik; 7; 105.28; WW
doping; 6; 0.50; N
vlak; 4; 47.73; BW
schat; 5; 264.03; N
zeebodem; 8; 1.46; N
gehaald; 7; 55.02; WW
duitsland; 9; 24.38; SPEC
dader; 5; 30.25; N
bewaart; 7; 6.24; WW
goudvoorraad; 12; 0.14; N
kluis; 5; 35.33; N
grond; 5; 110.25; N
eet; 3; 115.99; WW
gezin; 5; 79.85; N
meestal; 7; 61.54; BW
aanleiding; 10; 3.34; N
melding; 7; 4.85; N
fanatieke; 9; 0.89; ADJ
anonieme; 8; 4.83; ADJ
tip; 3; 16.26; N
zakken; 6; 50.58; WW
blunder; 7; 2.77; N
gistermiddag; 12; 1.05; BW
berisping; 9; 0.62; N
baas; 4; 167.21; N
slechte; 7; 119.21; ADJ
advies; 6; 33.23; N
ria; 3; 0.53; SPEC
avonduren; 9; 0.11; N
tennissen; 9; 2.06; WW
mooi; 4; 616.06; ADJ
zonnen; 6; 2.58; WW
chique; 6; 5.10; ADJ
dineetje; 8; 1.44; N
goot; 4; 6.06; N
inge; 4; 0.14; SPEC
karaf; 5; 0.18; N
kristal; 7; 4.87; N
breken; 6; 44.00; WW
antieke; 7; 2.63; ADJ
vaas; 4; 4.57; N
toonden; 7; 1.26; WW
berouw; 6; 5.79; N
iemand; 6; 1230.61; VNW
iémand; 6; 0.07; WW
gewerkt; 7; 74.02; WW
startte; 7; 2.24; WW
voorzitter; 10; 19.03; N
voltallige; 10; 0.30; ADJ
ontslagen; 9; 54.72; WW
wegens; 6; 30.46; VZ
wangedrag; 9; 1.53; N
wind; 4; 50.58; N
dorre; 5; 0.55; ADJ
bladeren; 8; 6.43; N
inspanning; 10; 3.54; N
arbeider; 8; 3.16; N
afgerond; 8; 4.60; WW
afloop; 6; 7.80; N
bellen; 6; 228.77; WW
taxi; 4; 50.84; N
werknemers; 10; 8.32; N
zoekt; 5; 76.61; WW
arrogante; 9; 5.49; ADJ
contact; 7; 92.52; N
verre; 5; 8.74; ADJ
reizen; 6; 32.38; WW
wellicht; 8; 28.13; BW
vliegende; 9; 9.74; WW
schotel; 7; 5.51; N
toespraak; 9; 12.35; N
toenemend; 9; 0.30; WW
vandalisme; 10; 1.92; N
leveren; 7; 18.80; WW
studenten; 9; 22.18; N
commentaar; 10; 14.41; N
vrolijk; 7; 31.51; ADJ
spelend; 7; 0.75; WW
paarse; 6; 4.14; ADJ
trommels; 8; 1.03; N
liepen; 6; 12.69; WW
school; 6; 246.95; N
vertrokken; 10; 41.92; WW
omdat; 5; 869.39; VG
zeer; 4; 149.85; BW
zéér; 4; 0.46; N
onbeleefd; 9; 12.17; ADJ
soldaten; 8; 51.75; N
gebukt; 6; 1.39; WW
touwen; 6; 6.31; N
pauze; 5; 27.19; N
scholieren; 10; 1.12; N
lekkers; 7; 7.80; ADJ
kantine; 7; 4.53; N
schooljaar; 10; 1.72; N
logeren; 7; 12.74; WW
hand; 4; 199.91; N
dropje; 6; 0.18; N
zusjes; 6; 4.46; N
vrijstaande; 11; 0.09; WW
boerderij; 9; 29.57; N
royale; 6; 0.69; ADJ
achtertuin; 10; 6.24; N
wonen; 5; 107.62; WW
kennissen; 9; 3.41; N
schoonzus; 9; 2.13; N
lekkages; 8; 0.07; N
verhelpen; 9; 3.00; WW
vrome; 5; 0.89; ADJ
loodgieter; 10; 5.53; N
voornaamste; 11; 3.73; ADJ
onderzoek; 9; 109.88; N
kun; 3; 430.21; WW
kún; 3; 0.02; N
publicatie; 10; 1.21; N
raadplegen; 10; 2.38; WW
reis; 4; 90.37; N
jungle; 6; 17.79; N
groep; 5; 74.73; N
apen; 4; 14.32; N
beest; 5; 52.55; N
moeders; 7; 33.07; N
overstuur; 9; 14.93; ADJ
zaal; 4; 15.41; N
hotel; 5; 88.73; N
vieren; 6; 47.70; WW
tocht; 5; 9.54; N
bergen; 6; 34.19; N
bereiken; 8; 64.42; WW
wandelaars; 10; 0.43; N
camping; 7; 1.53; N
mede; 4; 3.86; BW
dankzij; 7; 46.70; VZ
uitstekende; 11; 9.67; ADJ
organisatie; 11; 19.14; N
dictator; 8; 2.61; N
arriveerde; 10; 3.75; WW
schreeuwden; 11; 1.85; WW
leuzen; 6; 0.32; N
drogist; 7; 1.05; N
betalen; 7; 162.34; WW
klanten; 7; 37.82; N
elektronisch; 12; 1.88; ADJ
blije; 5; 3.06; ADJ
jongeren; 8; 9.28; ADJ
intens; 6; 6.04; ADJ
plezier; 7; 125.20; N
woonplaats; 10; 1.74; N
